,word,listID
0,croquet,0
1,nugget,0
2,satin,0
3,toddler,0
4,ointment,0
5,knowledge,0
6,tassel,1
7,weather,1
8,vapor,1
9,manner,1
10,scurvy,1
11,prestige,1
12,ditty,2
13,cartridge,2
14,barter,2
15,foyer,2
16,wiggle,2
17,cotton,2
18,refund,3
19,balloon,3
20,urgent,3
21,shampoo,3
22,explode,3
23,turbine,3
24,huddle,4
25,impulse,4
26,peanut,4
27,improve,4
28,whisper,4
29,solo,4
30,hooky,5
31,comment,5
32,format,5
33,decoy,5
34,saline,5
35,morphine,5
36,turnip,6
37,subject,6
38,baseball,6
39,boogie,6
40,button,6
41,grammar,6
42,ulcer,7
43,valor,7
44,poker,7
45,hostel,7
46,voltage,7
47,banjo,7
48,language,8
49,harness,8
50,garment,8
51,ocean,8
52,percent,8
53,margin,8
54,premise,9
55,lever,9
56,raffle,9
57,acre,9
58,statue,9
59,yellow,9
60,consume,10
61,traitor,10
62,herring,10
63,attack,10
64,bushel,10
65,yodel,10
66,implant,11
67,cigar,11
68,artist,11
69,asthma,11
70,master,11
71,murmur,11
72,failure,12
73,muster,12
74,hoodlum,12
75,altar,12
76,caboose,12
77,member,12
78,context,13
79,hazard,13
80,beatnik,13
81,varmint,13
82,angle,13
83,bypass,13
84,furnace,14
85,common,14
86,super,14
87,wary,14
88,fountain,14
89,girdle,14
90,pelvis,15
91,lament,15
92,saucer,15
93,dirty,15
94,syringe,15
95,starlet,15
96,custard,16
97,moron,16
98,commune,16
99,rabbit,16
100,courage,16
101,depot,16
102,collar,17
103,fortress,17
104,array,17
105,tiger,17
106,swindle,17
107,replace,17
108,wanton,18
109,termite,18
110,retrieve,18
111,sample,18
112,daughter,18
113,strudel,18
114,ghetto,19
115,doughnut,19
116,genius,19
117,address,19
118,orbit,19
119,topic,19
120,pilot,20
121,absence,20
122,atom,20
123,little,20
124,cassette,20
125,constant,20
126,tycoon,21
127,culture,21
128,demand,21
129,hustle,21
130,swallow,21
131,recluse,21
132,football,22
133,trolley,22
134,larynx,22
135,reefer,22
136,motel,22
137,mention,22
138,venom,23
139,shallow,23
140,coaster,23
141,critter,23
142,hamper,23
143,attempt,23
144,polka,24
145,abstract,24
146,salad,24
147,rubber,24
148,gospel,24
149,lonesome,24
150,addict,25
151,broker,25
152,suction,25
153,paddle,25
154,mullet,25
155,vodka,25
156,bouquet,26
157,felon,26
158,tablet,26
159,brochure,26
160,relief,26
161,pity,26
162,buffoon,27
163,lizard,27
164,retain,27
165,passive,27
166,resin,27
167,parcel,27
168,autumn,28
169,sentence,28
170,transit,28
171,regret,28
172,banquet,28
173,passion,28
174,vigil,29
175,tripod,29
176,tenant,29
177,mucus,29
178,present,29
179,serpent,29
180,module,30
181,doodle,30
182,asset,30
183,protest,30
184,building,30
185,beret,30
186,physics,31
187,dagger,31
188,country,31
189,fiddle,31
190,anguish,31
191,profound,31
192,freckle,32
193,option,32
194,bounty,32
195,terrain,32
196,flower,32
197,portion,32
198,jiffy,33
199,patrol,33
200,rental,33
201,candy,33
202,torso,33
203,grievance,33
204,revel,34
205,ordeal,34
206,concert,34
207,sublime,34
208,ginger,34
209,sculpture,34
210,summit,35
211,crumble,35
212,tavern,35
213,dolphin,35
214,title,35
215,cuckoo,35
216,pageant,36
217,bustle,36
218,toxic,36
219,farmer,36
220,dribble,36
221,pickup,36
222,cobalt,37
223,assault,37
224,honey,37
225,revenge,37
226,charade,37
227,orchid,37
228,author,38
229,stranger,38
230,errand,38
231,compost,38
232,nostril,38
233,blazer,38
234,access,39
235,rhythm,39
236,incest,39
237,scrotum,39
238,buffer,39
239,fondue,39
240,marriage,40
241,jester,40
242,trial,40
243,disease,40
244,waffle,40
245,dairy,40
246,surgeon,41
247,salvage,41
248,frolic,41
249,permit,41
250,tantrum,41
251,gimmick,41
252,fitness,42
253,cookie,42
254,consent,42
255,shingle,42
256,darling,42
257,menu,42
258,solace,43
259,penance,43
260,halo,43
261,orgy,43
262,noggin,43
263,basement,43
264,capsule,44
265,bookie,44
266,clutter,44
267,chorus,44
268,posse,44
269,gander,44
270,partner,45
271,substance,45
272,query,45
273,hockey,45
274,elite,45
275,soiree,45
276,bathroom,46
277,gadget,46
278,observe,46
279,havoc,46
280,closure,46
281,totem,46
282,ration,47
283,alert,47
284,pennant,47
285,scandal,47
286,fraction,47
287,allure,47
288,rumble,48
289,tempest,48
290,rubble,48
291,segment,48
292,fixture,48
293,employ,48
294,summon,49
295,chassis,49
296,volume,49
297,advance,49
298,duffel,49
299,freebie,49
300,request,50
301,copy,50
302,parrot,50
303,maiden,50
304,regard,50
305,drifter,50
306,corsage,51
307,nickel,51
308,packet,51
309,jewel,51
310,vacant,51
311,mountain,51
312,recall,52
313,throttle,52
314,issue,52
315,sardine,52
316,deceit,52
317,gangster,52
318,python,53
319,cabbage,53
320,tractor,53
321,suitor,53
322,static,53
323,bowel,53
324,despair,54
325,manure,54
326,omen,54
327,romance,54
328,syrup,54
329,direct,54
330,primate,55
331,torture,55
332,defense,55
333,spaniel,55
334,figment,55
335,clatter,55
336,object,56
337,rugby,56
338,tango,56
339,glutton,56
340,motif,56
341,region,56
342,liquid,57
343,bullet,57
344,tutor,57
345,condom,57
346,cocktail,57
347,delete,57
348,rabbi,58
349,pillow,58
350,malice,58
351,banshee,58
352,poem,58
353,flannel,58
354,ballot,59
355,lawyer,59
356,midnight,59
357,liar,59
358,attire,59
359,applause,59
360,transmit,60
361,vampire,60
362,ozone,60
363,nipple,60
364,perceive,60
365,skirmish,60
366,session,61
367,misfit,61
368,promise,61
369,sector,61
370,defect,61
371,granite,61
372,hippo,62
373,tumor,62
374,petal,62
375,envoy,62
376,empire,62
377,pulpit,62
378,passage,63
379,complaint,63
380,worship,63
381,platform,63
382,vicar,63
383,mural,63
384,murder,64
385,circle,64
386,blemish,64
387,ripple,64
388,hundred,64
389,column,64
390,spatter,65
391,roster,65
392,create,65
393,feather,65
394,platoon,65
395,village,65
396,acid,66
397,private,66
398,heiress,66
399,auto,66
400,dandruff,66
401,shortage,66
402,cancer,67
403,battle,67
404,fungus,67
405,pursuit,67
406,mammal,67
407,plumber,67
408,bladder,68
409,rabble,68
410,lion,68
411,ferry,68
412,table,68
413,exit,68
414,ideal,69
415,poison,69
416,release,69
417,logic,69
418,liter,69
419,fender,69
420,treasure,70
421,retreat,70
422,kazoo,70
423,martial,70
424,zombie,70
425,inquest,70
426,geezer,71
427,porridge,71
428,hiccup,71
429,decrease,71
430,certain,71
431,total,71
432,sewer,72
433,portal,72
434,bummer,72
435,gala,72
436,karma,72
437,kingdom,72
438,mumble,73
439,scholar,73
440,mirage,73
441,meter,73
442,credit,73
443,carbon,73
444,needle,74
445,sweater,74
446,soccer,74
447,servant,74
448,fossil,74
449,gravel,74
450,trumpet,75
451,oyster,75
452,seven,75
453,avail,75
454,pedal,75
455,chuckle,75
456,treaty,76
457,statute,76
458,parade,76
459,medal,76
460,accent,76
461,annex,76
462,skillet,77
463,divide,77
464,input,77
465,contest,77
466,fennel,77
467,voodoo,77
468,graphic,78
469,repeat,78
470,mixture,78
471,palette,78
472,compact,78
473,belief,78
474,grizzly,79
475,tummy,79
476,masseuse,79
477,cobbler,79
478,technique,79
479,cartel,79
480,mentor,80
481,ether,80
482,mobile,80
483,marvel,80
484,custom,80
485,cover,80
486,penguin,81
487,barrel,81
488,pollen,81
489,reprieve,81
490,charter,81
491,civil,81
492,asphalt,82
493,llama,82
494,stockade,82
495,traffic,82
496,chauffeur,82
497,treatment,82
498,cellar,83
499,demise,83
500,plaintiff,83
501,beggar,83
502,gobble,83
503,poultry,83
504,design,84
505,dual,84
506,tempo,84
507,pansy,84
508,kennel,84
509,jacket,84
510,quarter,85
511,transport,85
512,sugar,85
513,leopard,85
514,vixen,85
515,splatter,85
516,tuba,86
517,hunger,86
518,version,86
519,canvass,86
520,mercy,86
521,anthrax,86
522,hangar,87
523,expense,87
524,notion,87
525,process,87
526,cinder,87
527,tackle,87
528,novel,88
529,makeup,88
530,sentry,88
531,gender,88
532,campaign,88
533,earnest,88
534,snorkel,89
535,mango,89
536,arrest,89
537,trinket,89
538,exchange,89
539,ballad,89
540,critic,90
541,anger,90
542,bonnet,90
543,bargain,90
544,quarrel,90
545,nylon,90
546,plasma,91
547,measure,91
548,accord,91
549,stapler,91
550,curtain,91
551,symptom,91
552,kitten,92
553,camel,92
554,patron,92
555,stomach,92
556,preserve,92
557,burro,92
558,cocoon,93
559,cattle,93
560,concrete,93
561,prostate,93
562,conscience,93
563,freedom,93
564,cactus,94
565,trauma,94
566,garlic,94
567,bunker,94
568,polo,94
569,favor,94
570,plateau,95
571,peasant,95
572,sultan,95
573,income,95
574,staple,95
575,fluid,95
576,weapon,96
577,zipper,96
578,benign,96
579,travel,96
580,answer,96
581,salmon,96
582,scissors,97
583,express,97
584,forest,97
585,mistress,97
586,motion,97
587,terrace,97
588,boring,98
589,payment,98
590,doctor,98
591,razor,98
592,posture,98
593,single,98
594,socket,99
595,trousers,99
596,extract,99
597,recruit,99
598,silo,99
599,maple,99
